City_ID,City,Country,Date,Lat,Lng,Max Temp,Humidity,Cloudiness,Wind Speed
0,Rikitea,PF,2021-11-05 21:11:56,-23.1203,-134.9692,74.7,78,82,9.75
1,Ushtobe,KZ,2021-11-05 21:11:56,45.2514,77.9838,12.2,73,1,9.44
2,Zhigansk,RU,2021-11-05 21:11:57,66.7697,123.3711,4.64,95,100,23.71
3,Waingapu,ID,2021-11-05 21:11:57,-9.6567,120.2641,80.65,80,100,3.36
4,Bay Roberts,CA,2021-11-05 21:11:57,47.5999,-53.2648,41.5,75,100,4.0
5,Laguna,US,2021-11-05 21:11:58,38.421,-121.4238,71.44,68,1,3.0
6,Pafos,CY,2021-11-05 21:11:58,34.7667,32.4167,66.11,72,9,9.22
7,Bhinga,IN,2021-11-05 21:11:58,27.7167,81.9333,62.04,66,97,5.14
8,Kearney,US,2021-11-05 21:11:59,40.6995,-99.0815,68.56,45,1,10.0
9,Punta Arenas,CL,2021-11-05 21:11:59,-53.15,-70.9167,57.31,47,40,35.68
10,Hobart,AU,2021-11-05 21:11:59,-42.8794,147.3294,62.06,70,20,5.01
11,Lompoc,US,2021-11-05 21:12:00,34.6391,-120.4579,84.69,61,1,20.71
12,Jamestown,US,2021-11-05 21:11:27,42.097,-79.2353,45.09,59,90,1.99
13,Albany,US,2021-11-05 21:12:00,42.6001,-73.9662,47.68,52,66,5.93
14,Coquimbo,CL,2021-11-05 21:12:00,-29.9533,-71.3436,60.53,67,40,11.5
15,Ushuaia,AR,2021-11-05 21:12:01,-54.8,-68.3,56.86,41,40,25.32
16,Hilo,US,2021-11-05 21:10:57,19.7297,-155.09,80.33,69,90,4.61
17,Qaanaaq,GL,2021-11-05 21:12:01,77.484,-69.3632,11.71,68,97,11.88
18,Port Alfred,ZA,2021-11-05 21:12:02,-33.5906,26.891,65.7,78,100,9.82
19,Mataura,NZ,2021-11-05 21:12:03,-46.1927,168.8643,53.47,52,86,3.09
20,Koslan,RU,2021-11-05 21:12:03,63.4564,48.8989,38.43,97,100,12.55
21,Provideniya,RU,2021-11-05 21:12:03,64.3833,-173.3,10.08,81,4,8.7
22,Castro,BR,2021-11-05 21:12:04,-24.7911,-50.0119,68.79,87,48,6.15
23,Hamilton,US,2021-11-05 21:10:55,39.1834,-84.5333,54.52,45,1,1.01
24,Santiago,CL,2021-11-05 21:09:25,-33.4569,-70.6483,80.29,26,0,11.5
25,Januaria,BR,2021-11-05 21:12:04,-15.4833,-44.3667,78.26,74,71,4.14
26,New Norfolk,AU,2021-11-05 21:12:05,-42.7826,147.0587,61.72,67,60,1.01
27,Busselton,AU,2021-11-05 21:12:05,-33.65,115.3333,46.04,78,0,7.83
28,Cidreira,BR,2021-11-05 21:12:05,-30.1811,-50.2056,69.55,88,93,12.33
29,Kaitangata,NZ,2021-11-05 21:12:06,-46.2817,169.8464,54.36,64,94,8.03
30,Puerto Ayora,EC,2021-11-05 21:12:06,-0.7393,-90.3518,75.16,74,33,11.92
31,Madang,PG,2021-11-05 21:12:06,-5.2246,145.7966,76.68,91,98,2.3
32,Airai,TL,2021-11-05 21:12:07,-8.9266,125.4092,61.59,90,88,1.92
33,Butaritari,KI,2021-11-05 21:12:07,3.0707,172.7902,82.38,72,6,12.68
34,Kavieng,PG,2021-11-05 21:12:07,-2.5744,150.7967,83.19,74,98,12.15
35,Palu,ID,2021-11-05 21:12:08,-0.8917,119.8707,75.38,96,98,2.73
36,Traverse City,US,2021-11-05 21:11:52,44.7631,-85.6206,53.67,45,75,10.36
37,Kahului,US,2021-11-05 21:09:47,20.8947,-156.47,87.82,58,20,20.71
38,Bredasdorp,ZA,2021-11-05 21:12:08,-34.5322,20.0403,49.28,75,0,1.97
39,Victoria,HK,2021-11-05 21:12:09,22.2855,114.1577,77.38,90,16,4.0
40,Vaini,TO,2021-11-05 21:12:09,-21.2,-175.2,80.76,89,40,10.36
41,Ostrovnoy,RU,2021-11-05 21:12:09,68.0531,39.5131,36.9,98,100,7.25
42,Rawson,AR,2021-11-05 21:12:10,-43.3002,-65.1023,57.4,48,0,14.05
43,Mount Gambier,AU,2021-11-05 21:10:59,-37.8333,140.7667,65.53,47,100,5.28
44,Hofn,IS,2021-11-05 21:12:10,64.2539,-15.2082,39.42,61,94,8.63
45,Bluff,NZ,2021-11-05 21:12:10,-46.6,168.3333,53.8,66,25,5.57
46,Klaksvik,FO,2021-11-05 21:12:11,62.2266,-6.589,43.72,70,100,12.48
47,Yellowknife,CA,2021-11-05 21:12:11,62.456,-114.3525,30.42,99,100,5.01
48,Kruisfontein,ZA,2021-11-05 21:13:11,-34.0033,24.7314,59.47,79,100,5.14
49,Rongcheng,CN,2021-11-05 21:13:12,30.634,117.8517,64.47,97,99,3.15
50,Aguilas,ES,2021-11-05 21:13:12,37.4063,-1.5829,57.2,45,55,15.66
51,Saint-Philippe,RE,2021-11-05 21:13:12,-21.3585,55.7679,71.47,77,0,4.45
52,East London,ZA,2021-11-05 21:11:55,-33.0153,27.9116,65.82,87,100,10.4
53,Poyarkovo,RU,2021-11-05 21:13:13,49.6,128.6833,23.92,94,100,10.6
54,Zemlyansk,RU,2021-11-05 21:13:13,51.9041,38.7334,49.64,88,100,15.52
55,Kuching,MY,2021-11-05 21:13:14,1.55,110.3333,75.42,94,20,0.0
56,Kattivakkam,IN,2021-11-05 21:13:14,13.2167,80.3167,77.09,89,100,7.52
57,Upernavik,GL,2021-11-05 21:12:35,72.7868,-56.1549,16.29,82,37,4.85
58,Sao Filipe,CV,2021-11-05 21:13:14,14.8961,-24.4956,79.7,71,32,10.8
59,Cherskiy,RU,2021-11-05 21:13:15,68.75,161.3,0.09,90,99,9.75
60,Young,UY,2021-11-05 21:13:15,-32.6833,-57.6333,56.5,90,100,15.32
61,Poletayevo,RU,2021-11-05 21:13:15,55.0336,61.1138,37.22,75,100,7.0
62,Barrow,US,2021-11-05 21:10:05,71.2906,-156.7887,17.62,79,90,27.63
63,Luderitz,NA,2021-11-05 21:13:16,-26.6481,15.1594,62.67,67,57,18.34
64,Turayf,SA,2021-11-05 21:13:16,31.6725,38.6637,63.61,37,0,8.59
65,Hami,CN,2021-11-05 21:13:16,42.8,93.45,16.59,66,21,7.78
66,Nikolskoye,RU,2021-11-05 21:13:17,59.7035,30.7861,47.88,83,100,11.65
67,Port Blair,IN,2021-11-05 21:13:17,11.6667,92.75,78.84,89,40,2.3
68,Baghdad,IQ,2021-11-05 21:11:47,33.3406,44.4009,66.11,45,0,9.22
69,Srednekolymsk,RU,2021-11-05 21:13:18,67.45,153.6833,-7.6,94,19,3.31
70,Aklavik,CA,2021-11-05 21:13:18,68.2191,-135.0107,20.12,98,92,2.82
71,Boden,SE,2021-11-05 21:13:18,65.8252,21.6886,33.8,95,58,3.15
72,Katsuura,JP,2021-11-05 21:13:19,35.1333,140.3,55.51,74,4,11.63
73,Muroto,JP,2021-11-05 21:13:19,33.2833,134.15,62.85,63,82,15.03
74,Georgetown,MY,2021-11-05 21:11:29,5.4112,100.3354,78.89,91,20,2.3
75,Iqaluit,CA,2021-11-05 21:13:19,63.7506,-68.5145,17.33,73,75,4.61
76,Ribeira Grande,PT,2021-11-05 21:13:20,38.5167,-28.7,70.2,94,75,17.27
77,Tiarei,PF,2021-11-05 21:13:20,-17.5333,-149.3333,84.22,73,99,6.69
78,Kodiak,US,2021-11-05 21:13:21,57.79,-152.4072,38.71,65,1,8.05
79,Asau,RO,2021-11-05 21:13:21,46.4333,26.4,56.75,83,63,2.53
80,Tuktoyaktuk,CA,2021-11-05 21:13:21,69.4541,-133.0374,18.3,91,85,8.1
81,Khatanga,RU,2021-11-05 21:13:22,71.9667,102.5,-1.59,91,94,16.2
82,Verkhoyansk,RU,2021-11-05 21:13:22,67.5447,133.385,1.33,91,17,8.68
83,Cabo San Lucas,MX,2021-11-05 21:13:22,22.8909,-109.9124,90.52,52,8,5.84
84,Cape Town,ZA,2021-11-05 21:12:47,-33.9258,18.4232,61.27,77,3,1.01
85,Wewak,PG,2021-11-05 21:13:23,-3.5534,143.6268,77.72,89,99,6.67
86,Taunggyi,MM,2021-11-05 21:13:23,20.7833,97.0333,58.17,97,65,0.81
87,Qarchi Gak,AF,2021-11-05 21:13:23,37.04,66.7889,30.29,21,0,9.71
88,Necochea,AR,2021-11-05 21:13:24,-38.5473,-58.7368,61.03,54,92,13.2
89,Kapaa,US,2021-11-05 21:13:24,22.0752,-159.319,82.38,75,75,1.99
90,Atuona,PF,2021-11-05 21:13:24,-9.8,-139.0333,78.01,70,2,16.46
91,Sabinas Hidalgo,MX,2021-11-05 21:13:25,26.5,-100.1667,70.97,48,12,6.96
92,Medina,SA,2021-11-05 21:13:25,24.4686,39.6142,77.43,12,0,5.75
93,Fort Thomas,US,2021-11-05 21:13:25,39.0751,-84.4472,54.14,45,1,8.05
94,Tabou,CI,2021-11-05 21:13:26,4.423,-7.3528,79.03,86,64,7.05
95,Blaine,US,2021-11-05 21:11:11,45.1608,-93.2349,61.21,54,75,19.57
96,Ashland,US,2021-11-05 21:14:26,40.8167,-82.2665,50.92,47,0,3.53
97,Xining,CN,2021-11-05 21:14:26,36.6167,101.7667,26.13,76,99,5.73
98,Grindavik,IS,2021-11-05 21:14:27,63.8424,-22.4338,37.87,87,0,6.91
99,Aykhal,RU,2021-11-05 21:14:27,66.0,111.5,2.39,93,13,11.68
100,Longyearbyen,SJ,2021-11-05 21:14:27,78.2186,15.6401,12.04,73,75,4.61
101,Tasiilaq,GL,2021-11-05 21:14:28,65.6145,-37.6368,20.08,90,100,8.97
102,Mecca,SA,2021-11-05 21:14:28,21.4267,39.8261,80.4,56,5,3.36
103,Yulara,AU,2021-11-05 21:14:28,-25.2406,130.9889,75.04,64,8,1.14
104,Dikson,RU,2021-11-05 21:14:29,73.5069,80.5464,17.89,85,100,17.87
105,Hermanus,ZA,2021-11-05 21:14:29,-34.4187,19.2345,57.9,71,0,2.1
106,Kanniyakumari,IN,2021-11-05 21:14:29,8.0833,77.5667,79.54,84,100,12.19
107,Port Lavaca,US,2021-11-05 21:14:30,28.615,-96.6261,67.14,54,1,9.22
108,Mahebourg,MU,2021-11-05 21:14:30,-20.4081,57.7,73.26,85,31,11.27
109,Coahuayana,MX,2021-11-05 21:14:30,18.7333,-103.6833,87.1,61,23,7.58
110,Ilulissat,GL,2021-11-05 21:14:31,69.2167,-51.1,24.82,50,64,2.3
111,Alice Springs,AU,2021-11-05 21:14:31,-23.7,133.8833,74.75,73,32,0.0
112,Lowestoft,GB,2021-11-05 21:14:31,52.4752,1.7516,49.23,93,86,11.41
113,La Libertad,EC,2021-11-05 21:14:32,-2.2333,-80.9,73.06,78,90,10.36
114,Namibe,AO,2021-11-05 21:14:32,-15.1961,12.1522,68.2,75,91,0.98
115,Fairbanks,US,2021-11-05 21:14:32,64.8378,-147.7164,27.91,80,75,0.0
116,Flinders,AU,2021-11-05 21:14:33,-34.5833,150.8552,67.05,91,41,1.01
117,Yablonovo,RU,2021-11-05 21:14:33,50.8523,37.3574,53.46,82,95,14.03
118,Dryden,CA,2021-11-05 21:14:33,49.7833,-92.7503,48.61,72,59,9.73
119,Souillac,MU,2021-11-05 21:14:34,-20.5167,57.5167,73.36,84,58,9.64
120,Belaya Gora,RU,2021-11-05 21:14:34,68.5333,146.4167,-5.98,93,96,1.39
121,Kailua,US,2021-11-05 21:14:34,21.4022,-157.7394,87.78,73,13,21.47
122,Port Elizabeth,ZA,2021-11-05 21:14:35,-33.918,25.5701,63.48,77,100,6.2
123,Port Lincoln,AU,2021-11-05 21:14:35,-34.7333,135.8667,61.86,92,85,10.96
124,Torbay,CA,2021-11-05 21:14:35,47.6666,-52.7314,40.75,77,100,6.89
125,Los Lunas,US,2021-11-05 21:14:36,34.8062,-106.7334,76.35,20,4,1.01
126,Guane,CU,2021-11-05 21:14:36,22.2025,-84.0875,82.53,63,65,10.94
127,Salalah,OM,2021-11-05 21:14:37,17.0151,54.0924,77.09,73,20,4.61
128,Ancud,CL,2021-11-05 21:14:37,-41.8697,-73.8203,58.53,58,0,5.26
129,Thompson,CA,2021-11-05 21:14:37,55.7435,-97.8558,39.87,66,100,3.83
130,Lavrentiya,RU,2021-11-05 21:14:38,65.5833,-171.0,8.58,80,100,11.77
131,Paducah,US,2021-11-05 21:10:16,37.0834,-88.6001,58.05,31,1,9.22
132,Tayshet,RU,2021-11-05 21:14:38,55.9342,98.0044,22.78,56,100,13.4
133,Portland,US,2021-11-05 21:10:25,45.5234,-122.6762,57.69,74,75,1.99
134,Sungai Padi,TH,2021-11-05 21:14:38,6.0851,101.8766,79.09,98,100,1.41
135,Kambove,CD,2021-11-05 21:14:39,-10.8764,26.5969,67.82,55,99,3.71
136,Codrington,AU,2021-11-05 21:14:39,-38.2667,141.9667,66.22,73,100,11.43
137,Bethel,US,2021-11-05 21:14:39,41.3712,-73.414,51.48,48,3,1.99
138,Korla,CN,2021-11-05 21:14:40,41.7597,86.1469,24.51,43,0,6.29
139,Arraial Do Cabo,BR,2021-11-05 21:14:40,-22.9661,-42.0278,73.26,78,20,5.75
140,Reyes,BO,2021-11-05 21:15:40,-14.3167,-67.3833,92.41,43,94,7.7
141,Pointe-Noire,CG,2021-11-05 21:15:41,-4.7761,11.8635,78.04,84,99,6.13
142,Yar-Sale,RU,2021-11-05 21:15:41,66.8333,70.8333,14.72,93,71,6.17
143,Ossora,RU,2021-11-05 21:15:42,59.2353,163.0719,26.38,93,100,2.66
144,Beipiao,CN,2021-11-05 21:15:42,41.7919,120.7792,40.55,47,3,15.64
145,Sivaki,RU,2021-11-05 21:15:42,52.6333,126.75,16.14,39,1,14.12
146,Nanakuli,US,2021-11-05 21:15:43,21.3906,-158.1547,87.75,56,75,13.8
147,Shiyan,CN,2021-11-05 21:15:43,32.6475,110.7781,59.43,92,100,0.89
148,Ekhabi,RU,2021-11-05 21:15:43,53.5102,142.9671,32.68,91,100,12.28
149,Lorengau,PG,2021-11-05 21:15:44,-2.0226,147.2712,82.24,72,98,8.55
150,Tautira,PF,2021-11-05 21:15:44,-17.7333,-149.15,84.22,73,92,7.43
151,Cap-Aux-Meules,CA,2021-11-05 21:15:44,47.3821,-61.8597,41.05,60,75,10.36
152,Sur,OM,2021-11-05 21:15:44,22.5667,59.5289,75.97,59,66,6.82
153,Jaboatao,BR,2021-11-05 21:15:45,-8.1803,-35.0014,81.79,74,40,8.05
154,Touros,BR,2021-11-05 21:15:45,-5.1989,-35.4608,83.3,78,53,9.48
155,Sumkino,RU,2021-11-05 21:15:46,58.1108,68.3244,32.65,86,100,10.22
156,Lunenburg,CA,2021-11-05 21:15:46,44.3835,-64.3155,43.05,70,58,10.74
157,Balkanabat,TM,2021-11-05 21:15:46,39.5108,54.3671,42.75,18,100,6.73
158,Lixourion,GR,2021-11-05 21:15:46,38.2019,20.4314,70.72,66,86,11.03
159,Xuddur,SO,2021-11-05 21:15:47,4.1213,43.8894,74.3,78,81,12.26
160,Luba,GQ,2021-11-05 21:15:47,3.4568,8.5547,80.47,82,47,5.95
161,Bako,ET,2021-11-05 21:15:47,5.7833,36.5667,66.45,60,41,4.5
162,Wilkie,CA,2021-11-05 21:15:48,52.4168,-108.7014,49.89,66,11,11.63
163,Kavaratti,IN,2021-11-05 21:15:48,10.5669,72.642,81.59,80,89,13.73
164,Mar Del Plata,AR,2021-11-05 21:15:48,-38.0023,-57.5575,57.22,71,0,11.99
165,Comodoro Rivadavia,AR,2021-11-05 21:15:01,-45.8667,-67.5,58.86,38,0,27.63
166,Bonnyville,CA,2021-11-05 21:15:48,54.2668,-110.735,47.52,60,69,10.4
167,Henties Bay,NA,2021-11-05 21:15:49,-22.116,14.2845,59.41,90,6,10.83
168,Talnakh,RU,2021-11-05 21:15:49,69.4865,88.3972,-5.31,100,96,4.21
169,Hualmay,PE,2021-11-05 21:15:50,-11.0964,-77.6139,68.74,74,43,8.57
170,Carpenedolo,IT,2021-11-05 21:15:50,45.3645,10.4313,49.93,75,0,5.75
171,Sitka,US,2021-11-05 21:15:51,57.0531,-135.33,48.09,61,40,11.5
172,Millbrook,US,2021-11-05 21:15:52,32.4799,-86.3619,60.87,60,90,11.5
173,Wamba,NG,2021-11-05 21:15:52,8.9333,8.6,77.5,68,1,2.06
174,Yichun,CN,2021-11-05 21:15:52,47.7,128.9,33.28,89,100,10.18
175,Nouadhibou,MR,2021-11-05 21:15:53,20.931,-17.0347,71.58,68,8,11.5
176,Kibala,TD,2021-11-05 21:15:53,9.1104,18.3463,80.55,78,20,0.0
177,Phonhong,LA,2021-11-05 21:15:53,18.5007,102.4166,72.82,90,26,2.51
178,Pisco,PE,2021-11-05 21:15:54,-13.7,-76.2167,69.85,68,0,20.71
179,Severo-Kurilsk,RU,2021-11-05 21:15:54,50.6789,156.125,36.37,79,100,12.77
180,Ponta Do Sol,PT,2021-11-05 21:15:54,32.6667,-17.1,67.71,61,18,9.04
181,Port Moresby,PG,2021-11-05 21:15:55,-9.4431,147.1797,76.42,88,20,3.44
182,Rosario,AR,2021-11-05 21:12:26,-32.9468,-60.6393,65.82,37,0,4.0
183,Anadyr,RU,2021-11-05 21:15:55,64.75,177.4833,-16.1,83,0,8.95
184,Ponta Delgada,PT,2021-11-05 21:15:55,37.7333,-25.6667,70.5,83,75,21.85
185,Porto Novo,BJ,2021-11-05 21:15:56,6.4965,2.6036,76.82,86,84,6.04
186,Vila,PT,2021-11-05 21:15:56,42.0304,-8.1588,43.93,84,26,6.04
187,Saskylakh,RU,2021-11-05 21:15:57,71.9167,114.0833,2.07,91,92,18.86
188,Vryburg,ZA,2021-11-05 21:16:57,-26.9566,24.7284,75.22,17,19,9.44
189,Ngama,TD,2021-11-05 21:16:57,11.7833,17.1667,87.8,21,2,7.38
190,Chapais,CA,2021-11-05 21:16:58,49.7834,-74.8492,38.98,71,50,11.43
191,Ambulu,ID,2021-11-05 21:16:58,-8.345,113.6058,76.15,89,100,2.64
192,The Valley,AI,2021-11-05 21:16:59,18.217,-63.0578,84.34,74,20,16.11
193,Nizhneangarsk,RU,2021-11-05 21:16:59,55.7833,109.55,9.54,73,95,7.38
194,Astoria,US,2021-11-05 21:16:59,46.1879,-123.8313,56.14,70,20,7.0
195,Saint-Leu,RE,2021-11-05 21:16:59,-21.15,55.2833,70.95,92,1,8.23
196,Dieppe,FR,2021-11-05 21:17:00,49.75,1.1667,41.02,88,39,4.88
197,Avarua,CK,2021-11-05 21:17:00,-21.2078,-159.775,78.85,61,100,6.91
198,Grand Gaube,MU,2021-11-05 21:17:01,-20.0064,57.6608,75.6,81,4,1.99
199,Hasaki,JP,2021-11-05 21:17:01,35.7333,140.8333,48.6,62,2,13.11
200,Toba,JP,2021-11-05 21:17:02,34.4833,136.85,51.8,64,4,9.53
201,Ijuin,JP,2021-11-05 21:17:03,31.6167,130.4,59.11,70,100,8.88
202,Llangefni,GB,2021-11-05 21:17:03,53.2556,-4.3106,53.73,82,75,16.11
203,Isla Vista,US,2021-11-05 21:17:04,34.4133,-119.861,88.07,41,0,6.04
204,Graham,US,2021-11-05 21:17:04,47.0529,-122.2943,53.02,73,75,1.01
205,Apache Junction,US,2021-11-05 21:17:05,33.4151,-111.5496,89.02,17,1,1.01
206,Bathsheba,BB,2021-11-05 21:17:05,13.2167,-59.5167,83.01,78,40,17.27
207,Chuy,UY,2021-11-05 21:17:05,-33.6971,-53.4616,60.3,77,100,18.72
208,Klyuchi,RU,2021-11-05 21:17:06,52.2667,79.1667,20.7,77,99,13.71
209,Marzuq,YE,2021-11-05 21:17:06,14.4,46.4667,70.39,29,45,0.51
210,Oktyabrskiy,RU,2021-11-05 21:17:06,54.4815,53.471,34.21,45,100,16.22
211,Sinnamary,GF,2021-11-05 21:17:07,5.3833,-52.95,79.21,87,100,9.55
212,Balakhninskiy,RU,2021-11-05 21:17:07,58.0106,114.2769,11.1,86,100,12.37
213,Cabedelo,BR,2021-11-05 21:17:08,-6.9811,-34.8339,81.27,80,10,11.27
214,Kupang,ID,2021-11-05 21:17:08,-10.1667,123.5833,79.38,89,20,4.61
215,Bloemfontein,ZA,2021-11-05 21:16:39,-29.1211,26.214,62.08,45,100,0.0
216,Damoh,IN,2021-11-05 21:17:09,23.8333,79.45,63.09,47,67,1.3
217,Roma,US,2021-11-05 21:17:09,43.2128,-75.4557,46.96,64,75,10.36
218,Saint-Pierre,RE,2021-11-05 21:17:10,-21.3393,55.4781,71.56,64,0,5.75
219,Groningen,NL,2021-11-05 21:17:10,53.25,6.75,49.03,74,40,3.0
220,Coihaique,CL,2021-11-05 21:17:11,-45.5752,-72.0662,61.41,48,0,13.8
221,Perbaungan,ID,2021-11-05 21:17:11,3.5679,98.956,75.31,94,100,4.81
222,Taoudenni,ML,2021-11-05 21:17:12,22.6783,-3.9836,82.04,20,9,9.06
223,Naliya,IN,2021-11-05 21:17:12,23.2667,68.8333,79.23,29,97,7.83
224,Northam,GB,2021-11-05 21:17:12,51.0333,-4.2167,53.38,84,99,7.27
225,Smithers,CA,2021-11-05 21:13:43,54.7804,-127.1743,39.65,99,100,2.13
226,Dzhebariki-Khaya,RU,2021-11-05 21:17:13,62.2167,135.8,7.12,94,100,7.23
227,Ampanihy,MG,2021-11-05 21:17:13,-24.7,44.75,65.12,77,0,12.37
228,Guatire,VE,2021-11-05 21:17:14,10.4762,-66.5427,81.1,71,67,4.43
229,Bengkulu,ID,2021-11-05 21:17:14,-3.8004,102.2655,74.86,91,100,5.93
230,Port Hedland,AU,2021-11-05 21:17:14,-20.3167,118.5667,77.05,65,24,9.22
231,Port-Gentil,GA,2021-11-05 21:17:15,-0.7193,8.7815,78.8,83,100,12.06
232,Ryotsu,JP,2021-11-05 21:18:15,38.0833,138.4333,54.79,76,12,5.19
233,Alyangula,AU,2021-11-05 21:18:15,-13.8483,136.4192,82.26,71,29,5.97
234,Brunico,IT,2021-11-05 21:18:16,46.7958,11.9364,36.07,86,58,3.09
235,Oxford,GB,2021-11-05 21:14:29,51.7522,-1.256,48.78,93,40,5.75
236,Beringovskiy,RU,2021-11-05 21:18:16,63.05,179.3167,-0.36,83,90,5.21
237,Faanui,PF,2021-11-05 21:18:17,-16.4833,-151.75,79.43,75,98,9.6
238,Lebu,CL,2021-11-05 21:18:17,-37.6167,-73.65,56.17,73,0,19.42
239,Norman Wells,CA,2021-11-05 21:18:17,65.282,-126.8329,15.84,92,90,0.0
240,Lasa,IT,2021-11-05 21:18:17,46.6166,10.7002,36.63,83,22,4.7
241,Clyde River,CA,2021-11-05 21:18:18,70.4692,-68.5914,26.83,100,75,17.27
242,Gualeguaychu,AR,2021-11-05 21:18:18,-33.0094,-58.5172,56.98,80,100,14.0
243,Sorland,NO,2021-11-05 21:18:19,67.667,12.6934,39.27,87,100,14.2
244,Sainte-Maxime,FR,2021-11-05 21:18:19,43.3,6.6333,57.96,61,44,6.58
245,Plouzane,FR,2021-11-05 21:18:19,48.3833,-4.6167,47.08,97,90,3.44
246,Westport,US,2021-11-05 21:18:20,41.1415,-73.3579,53.42,45,1,4.0
247,Macon,US,2021-11-05 21:18:20,39.8667,-88.9668,53.76,43,1,10.36
248,San Luis,AR,2021-11-05 21:18:20,-33.295,-66.3356,63.57,19,100,15.14
249,Severnyy,RU,2021-11-05 21:18:21,50.677,36.5532,51.84,93,90,15.66
250,Abu Dhabi,AE,2021-11-05 21:18:02,24.4667,54.3667,80.71,65,0,2.3
251,Kotovo,RU,2021-11-05 21:18:21,50.3211,44.8012,41.4,45,55,13.33
252,Mnogovershinnyy,RU,2021-11-05 21:18:22,53.9353,139.9242,26.82,91,100,5.73
253,Ahipara,NZ,2021-11-05 21:18:22,-35.1667,173.1667,64.8,78,8,3.65
254,Bulgan,MN,2021-11-05 21:16:44,48.8125,103.5347,9.9,33,0,3.49
255,Castanhal,BR,2021-11-05 21:18:23,-1.2939,-47.9264,83.79,76,100,4.81
256,Praia,CV,2021-11-05 21:18:23,14.9215,-23.5087,77.54,83,40,13.8
257,Emerald,AU,2021-11-05 21:18:23,-23.5333,148.1667,71.35,72,74,13.87
258,Paamiut,GL,2021-11-05 21:18:24,61.994,-49.6678,30.78,89,100,10.67
259,Saint George,US,2021-11-05 21:18:23,37.1041,-113.5841,82.87,27,1,1.01
260,Hithadhoo,MV,2021-11-05 21:18:24,-0.6,73.0833,81.99,72,99,13.0
261,Lerwick,GB,2021-11-05 21:17:21,60.1545,-1.1494,50.0,89,100,20.04
262,Fayaoue,NC,2021-11-05 21:18:24,-20.65,166.5333,72.82,68,100,13.35
263,Palana,RU,2021-11-05 21:18:25,59.1167,159.9667,25.18,93,100,9.98
264,Ust-Tsilma,RU,2021-11-05 21:18:25,65.441,52.1498,37.04,97,100,10.6
265,Berlevag,NO,2021-11-05 21:18:26,70.8578,29.0864,35.55,87,75,6.91
266,Lagoa,PT,2021-11-05 21:16:53,39.05,-27.9833,67.55,89,100,27.76
267,Itarema,BR,2021-11-05 21:18:26,-2.9248,-39.9167,81.27,77,100,13.0
268,Auki,SB,2021-11-05 21:18:26,-8.7676,160.7034,81.3,73,100,3.18
269,Bukachacha,RU,2021-11-05 21:18:27,52.9833,116.9167,6.17,45,0,4.56
270,Launceston,AU,2021-11-05 21:18:27,-41.45,147.1667,62.24,82,90,9.22
271,Maridi,SS,2021-11-05 21:18:27,4.9158,29.4742,67.89,81,56,2.19
272,Surt,LY,2021-11-05 21:18:28,31.2089,16.5887,79.43,35,87,12.77
273,Sibu,MY,2021-11-05 21:18:28,2.3,111.8167,75.51,100,40,3.44
274,Nishihara,JP,2021-11-05 21:16:48,26.1842,127.7558,76.28,69,75,19.57
275,Chokurdakh,RU,2021-11-05 21:16:44,70.6333,147.9167,-7.78,90,20,6.55
276,Hearst,CA,2021-11-05 21:18:29,49.6835,-83.6665,50.25,71,83,11.72
277,Yagodnoye,RU,2021-11-05 21:19:29,62.55,149.6667,0.23,95,100,3.65
278,Huntersville,US,2021-11-05 21:19:30,35.4107,-80.8429,51.66,57,1,6.91
279,Urucara,BR,2021-11-05 21:19:30,-2.5364,-57.76,86.23,56,78,5.88
280,Moose Jaw,CA,2021-11-05 21:19:30,50.4001,-105.5344,59.36,41,0,17.72
281,Staryy Nadym,RU,2021-11-05 21:19:31,65.6118,72.6842,12.74,94,36,1.9
282,Pangnirtung,CA,2021-11-05 21:19:31,66.1451,-65.7125,23.0,54,75,9.22
283,Naron,ES,2021-11-05 21:19:31,43.5167,-8.1528,56.59,82,59,8.21
284,Orizona,BR,2021-11-05 21:19:32,-17.0314,-48.2958,82.56,39,86,7.0
285,Shaoyang,CN,2021-11-05 21:19:32,27.2315,111.4525,64.35,96,100,4.36
286,Jacareacanga,BR,2021-11-05 21:19:33,-6.2222,-57.7528,87.67,54,81,4.74
287,Vestmannaeyjar,IS,2021-11-05 21:19:33,63.4427,-20.2734,41.23,76,100,19.89
288,Amapa,BR,2021-11-05 21:19:33,1.0,-52.0,78.4,85,85,4.25
289,Lata,PT,2021-11-05 21:19:33,40.1629,-8.3327,53.82,67,0,3.65
290,Katherine,AU,2021-11-05 21:19:34,-14.4667,132.2667,80.92,69,92,3.44
291,Gravdal,NO,2021-11-05 21:19:34,68.1214,13.5031,39.09,100,75,10.36
292,Esperance,AU,2021-11-05 21:19:34,-33.8667,121.9,56.01,62,100,11.88
293,Constitucion,CL,2021-11-05 21:19:35,-35.3333,-72.4167,60.93,61,0,13.11
294,Ixtapa,MX,2021-11-05 21:19:35,20.7,-105.2,85.23,78,77,5.99
295,Zaozerne,UA,2021-11-05 21:19:36,45.1582,33.2787,57.94,80,61,4.5
296,Nhulunbuy,AU,2021-11-05 21:19:36,-12.2333,136.7667,77.61,83,21,0.0
297,Tayga,RU,2021-11-05 21:19:36,56.06,85.6197,23.25,92,100,15.93
298,Banos,EC,2021-11-05 21:19:37,-1.4,-78.4167,78.01,83,100,4.79
299,Gweta,BW,2021-11-05 21:19:37,-20.1833,25.2333,81.34,42,63,13.76
300,Fare,PF,2021-11-05 21:19:37,-16.7,-151.0167,79.39,74,91,9.64
301,Sungairaya,ID,2021-11-05 21:19:37,0.7,108.9,78.08,87,100,0.96
302,Abu Samrah,SY,2021-11-05 21:19:38,35.3029,37.1841,65.66,38,15,1.34
303,Sao Jose Da Coroa Grande,BR,2021-11-05 21:19:38,-8.8978,-35.1478,79.57,84,66,13.58
304,Boa Vista,BR,2021-11-05 21:16:00,2.8197,-60.6733,93.18,40,20,9.22
305,Cairns,AU,2021-11-05 21:19:18,-16.9167,145.7667,77.07,84,23,8.05
306,Puerto Suarez,BO,2021-11-05 21:19:39,-18.95,-57.8,97.36,46,20,0.0
307,Chester,US,2021-11-05 21:19:39,40.1254,-75.8749,51.57,48,1,4.61
308,Bontang,ID,2021-11-05 21:15:58,0.1333,117.5,76.66,89,56,2.71
309,Fortuna,US,2021-11-05 21:19:40,40.5982,-124.1573,55.42,68,100,5.99
310,Cap Malheureux,MU,2021-11-05 21:19:40,-19.9842,57.6142,75.69,82,3,1.99
311,Karratha,AU,2021-11-05 21:19:40,-20.7377,116.8463,77.81,59,10,9.91
312,Iralaya,HN,2021-11-05 21:18:15,15.0,-83.2333,80.69,83,82,12.86
313,Morgan City,US,2021-11-05 21:19:41,29.6994,-91.2068,58.03,75,100,8.23
314,Wagar,SD,2021-11-05 21:19:41,16.1525,36.2032,83.17,40,8,9.62
315,Kuloy,RU,2021-11-05 21:19:41,61.0305,42.4925,47.05,89,100,12.62
316,Jamkhed,IN,2021-11-05 21:19:42,18.7362,75.3121,75.4,52,98,8.52
317,Otukpo,NG,2021-11-05 21:19:42,7.1913,8.1329,76.87,85,56,4.94
318,Houston,US,2021-11-05 21:15:00,29.7633,-95.3633,67.14,53,1,1.99
319,Timra,SE,2021-11-05 21:19:43,62.487,17.3257,37.67,91,40,2.3
320,Banjar,ID,2021-11-05 21:19:43,-8.19,114.9675,78.66,81,100,2.66
321,Camabatela,AO,2021-11-05 21:19:44,-8.1881,15.375,65.08,94,72,2.15
322,Grand-Santi,GF,2021-11-05 21:19:04,4.25,-54.3833,78.06,87,65,5.19
323,Chinsali,ZM,2021-11-05 21:19:44,-10.5414,32.0816,72.86,31,18,7.83
324,Kamenka,RU,2021-11-05 21:17:35,51.3223,42.7678,45.7,74,100,15.1
325,Miri,MY,2021-11-05 21:20:44,4.4148,114.0089,77.14,94,40,3.44
326,Harper,LR,2021-11-05 21:20:45,4.375,-7.7169,78.89,85,34,7.23
327,Half Moon Bay,US,2021-11-05 21:15:49,37.4636,-122.4286,69.91,66,1,1.99
328,Saint-Denis,FR,2021-11-05 21:20:45,48.9167,2.3333,47.1,81,20,3.44
329,Havoysund,NO,2021-11-05 21:20:46,70.9963,24.6622,35.83,88,100,9.1
330,Sokol,RU,2021-11-05 21:20:46,59.4617,40.1206,48.7,84,100,15.64
331,Arman,RU,2021-11-05 21:20:46,59.7,150.1667,23.43,95,100,6.24
332,Waipawa,NZ,2021-11-05 21:20:47,-41.4122,175.5153,53.02,96,100,10.02
333,Ornskoldsvik,SE,2021-11-05 21:20:47,63.2909,18.7153,36.55,93,100,8.05
334,Mitsamiouli,KM,2021-11-05 21:20:47,-11.3847,43.2844,79.36,77,23,0.76
335,Kulhudhuffushi,MV,2021-11-05 21:20:48,6.6221,73.07,81.48,80,100,15.75
336,Tilichiki,RU,2021-11-05 21:20:48,60.4667,166.1,-0.38,99,75,6.49
337,Adrar,MR,2021-11-05 21:20:48,20.5022,-10.0711,76.28,27,31,8.88
338,Wasilla,US,2021-11-05 21:20:49,61.5814,-149.4394,35.02,85,90,3.44
339,Egvekinot,RU,2021-11-05 21:17:31,66.3167,-179.1667,-7.22,83,2,7.29
340,Xingyi,CN,2021-11-05 21:20:49,24.1877,102.817,52.21,94,21,2.89
341,Chimbote,PE,2021-11-05 21:16:38,-9.0853,-78.5783,67.73,77,66,9.91
342,Makakilo City,US,2021-11-05 21:20:49,21.3469,-158.0858,86.32,57,75,13.8
343,Leningradskiy,RU,2021-11-05 21:20:50,69.3833,178.4167,-7.15,96,95,5.93
344,Ankang,CN,2021-11-05 21:20:50,32.68,109.0172,61.34,86,100,3.18
345,Port Pirie,AU,2021-11-05 21:20:50,-33.1833,138.0167,71.69,54,74,8.86
346,Odessa,UA,2021-11-05 21:16:03,46.4775,30.7326,57.13,100,90,11.18
347,Pevek,RU,2021-11-05 21:20:51,69.7008,170.3133,-13.5,96,21,6.89
348,Leninskoye,KZ,2021-11-05 21:20:51,41.7589,69.3864,30.13,50,0,1.23
349,Carutapera,BR,2021-11-05 21:20:51,-1.195,-46.02,79.61,79,100,5.82
350,Salisbury,GB,2021-11-05 21:20:52,51.0693,-1.7957,49.68,91,90,5.75
351,Tchamba,TG,2021-11-05 21:20:52,9.0333,1.4167,76.26,79,100,1.86
352,Batemans Bay,AU,2021-11-05 21:17:44,-35.7167,150.1833,65.19,94,96,4.5
353,Bowen,AU,2021-11-05 21:20:52,-20.0167,148.2333,78.28,72,86,14.34
354,Kamaishi,JP,2021-11-05 21:17:10,39.2667,141.8833,50.11,85,29,3.96
355,Haileybury,CA,2021-11-05 21:20:53,47.449,-79.6373,46.98,65,78,11.34
356,Tripoli,LY,2021-11-05 21:20:53,32.8752,13.1875,79.7,44,100,4.5
357,Bubaque,GW,2021-11-05 21:20:54,11.2833,-15.8333,83.7,74,61,8.37
358,Nioki,CD,2021-11-05 21:20:54,-2.7167,17.6833,67.96,97,100,2.26
359,Inyonga,TZ,2021-11-05 21:20:54,-6.7167,32.0667,72.18,39,29,4.79
360,Sturgis,US,2021-11-05 21:20:55,41.7992,-85.4192,51.39,31,1,5.75
361,Margate,GB,2021-11-05 21:18:46,51.3813,1.3862,48.06,79,66,1.99
362,Taltal,CL,2021-11-05 21:20:55,-25.4,-70.4833,64.24,68,24,7.27
363,Takoradi,GH,2021-11-05 21:20:55,4.8845,-1.7554,79.2,84,8,5.44
364,Sistranda,NO,2021-11-05 21:18:44,63.7256,8.834,42.76,63,100,30.36
365,Barcelos,PT,2021-11-05 21:20:56,41.5388,-8.6151,51.85,80,3,6.64
366,Okha,RU,2021-11-05 21:20:56,53.5739,142.9478,33.53,88,100,13.0
367,Quthing,LS,2021-11-05 21:20:57,-30.4,27.7003,68.13,23,100,2.73
368,Olafsvik,IS,2021-11-05 21:20:57,64.8945,-23.7142,39.24,70,54,8.55
369,Isangel,VU,2021-11-05 21:20:57,-19.55,169.2667,77.11,79,100,10.83
370,Yining,CN,2021-11-05 21:20:58,29.0361,114.5636,64.99,98,92,2.06
371,Mayahi,NE,2021-11-05 21:20:58,13.9553,7.6712,86.25,13,100,10.18
372,Inongo,CD,2021-11-05 21:20:58,-1.95,18.2667,72.39,92,89,3.36
373,Lesnoy,RU,2021-11-05 21:21:59,57.6198,63.0784,32.25,84,33,10.49
374,Campagna,IT,2021-11-05 21:21:59,40.6653,15.1059,60.04,92,96,8.21
375,Hirado,JP,2021-11-05 21:21:59,33.3597,129.5531,59.36,63,100,14.45
376,Slave Lake,CA,2021-11-05 21:22:00,55.2834,-114.769,39.18,93,90,4.61
377,Cayenne,GF,2021-11-05 21:22:00,4.9333,-52.3333,82.44,87,75,4.0
378,Eureka,US,2021-11-05 21:22:00,40.8021,-124.1637,55.67,94,100,1.99
379,Kichera,RU,2021-11-05 21:22:01,55.9375,110.0997,9.9,94,100,4.32
380,Shelburne,CA,2021-11-05 21:22:01,44.0787,-80.2041,44.56,61,26,9.06
381,Luanda,AO,2021-11-05 21:22:02,-8.8368,13.2343,78.8,78,40,8.05
382,Te Anau,NZ,2021-11-05 21:22:03,-45.4167,167.7167,54.54,75,98,0.13
383,Mackay,AU,2021-11-05 21:22:03,-21.15,149.2,79.68,71,25,10.8
384,Fort Nelson,CA,2021-11-05 21:22:04,58.8053,-122.7002,33.39,93,90,5.75
385,Itoman,JP,2021-11-05 21:22:04,26.1247,127.6694,77.02,69,75,19.57
386,Pangoa,PE,2021-11-05 21:22:04,-12.1167,-73.0,75.96,90,100,0.78
387,Inuvik,CA,2021-11-05 21:22:05,68.3499,-133.7218,21.24,90,90,6.91
388,Rancho Palos Verdes,US,2021-11-05 21:22:05,33.7445,-118.387,89.58,82,20,1.01
389,Campos Do Jordao,BR,2021-11-05 21:22:05,-22.7394,-45.5914,71.74,87,24,2.91
390,Narsaq,GL,2021-11-05 21:22:06,60.9167,-46.05,28.62,91,100,7.29
391,Paraiso,CR,2021-11-05 21:22:06,9.8383,-83.8656,72.41,84,90,2.91
392,Carnarvon,AU,2021-11-05 21:22:06,-24.8667,113.6333,64.47,77,75,18.41
393,Turukhansk,RU,2021-11-05 21:18:10,65.8167,87.9833,-0.31,100,100,3.42
394,Alihe,CN,2021-11-05 21:22:07,50.5667,123.7167,16.88,29,93,9.42
395,Quang Ngai,VN,2021-11-05 21:22:07,15.1167,108.8,73.06,90,29,3.69
396,Miranda,CO,2021-11-05 21:22:07,3.2499,-76.2281,82.53,77,68,1.59
397,Bonavista,CA,2021-11-05 21:22:08,48.6499,-53.1147,39.11,70,100,5.06
398,Guerrero Negro,MX,2021-11-05 21:22:08,27.9769,-114.0611,79.32,44,97,8.46
399,Mackenzie,CA,2021-11-05 21:22:09,55.2999,-123.1698,35.82,100,90,2.3
400,Alofi,NU,2021-11-05 21:17:32,-19.0595,-169.9187,80.49,69,98,12.66
401,Baykit,RU,2021-11-05 21:22:09,61.67,96.37,17.65,94,100,7.7
402,Odweyne,SO,2021-11-05 21:22:09,9.4092,45.064,70.07,31,3,9.62
403,Novichikha,RU,2021-11-05 21:22:10,52.204,81.3877,18.16,80,94,19.84
404,Shirokovskiy,RU,2021-11-05 21:22:10,58.8424,57.7832,31.95,91,100,9.31
405,Chicama,PE,2021-11-05 21:22:11,-7.8447,-79.1469,64.94,67,85,10.04
406,Sibolga,ID,2021-11-05 21:22:11,1.7427,98.7792,75.88,89,100,1.54
407,Det Udom,TH,2021-11-05 21:22:11,14.906,105.0784,75.02,86,42,2.66
408,Mocuba,MZ,2021-11-05 21:22:12,-16.8392,36.9856,72.03,89,1,2.77
409,Gat,IL,2021-11-05 21:22:12,31.61,34.7642,72.39,63,0,2.21
410,Hambantota,LK,2021-11-05 21:22:12,6.1241,81.1185,78.15,83,99,11.03
411,Facaeni,RO,2021-11-05 21:22:13,44.5667,27.9,60.12,69,98,3.71
412,Sokoni,TZ,2021-11-05 21:22:13,-6.4333,39.55,79.3,77,8,10.6
413,Zabaykalsk,RU,2021-11-05 21:22:13,49.6333,117.3167,7.81,52,50,12.48
414,High Rock,BS,2021-11-05 21:22:14,26.6208,-78.2833,69.82,80,100,9.24
415,Freeport,US,2021-11-05 21:22:14,40.6576,-73.5832,54.23,44,1,1.01
416,Inhambane,MZ,2021-11-05 21:22:14,-23.865,35.3833,74.68,87,5,14.05
417,Batagay-Alyta,RU,2021-11-05 21:22:15,67.8006,130.4114,-9.99,84,61,6.82
418,Wawa,NG,2021-11-05 21:23:15,9.9022,4.4192,82.49,48,99,2.35
419,Wilmington,US,2021-11-05 21:22:03,34.2257,-77.9447,51.71,55,1,11.5
420,Haines Junction,CA,2021-11-05 21:23:16,60.7522,-137.5108,28.35,86,98,0.0
421,Katobu,ID,2021-11-05 21:23:16,-4.9408,122.5276,76.1,92,100,1.77
422,Biloela,AU,2021-11-05 21:23:16,-24.4167,150.5,70.5,71,11,6.2
423,Petatlan,MX,2021-11-05 21:23:17,17.5167,-101.2667,84.18,69,97,5.08
424,Matagami,CA,2021-11-05 21:23:17,49.7502,-77.6328,42.91,70,1,10.36
425,Tianpeng,CN,2021-11-05 21:23:17,30.9866,103.9393,59.47,83,100,5.12
426,Praia Da Vitoria,PT,2021-11-05 21:23:18,38.7333,-27.0667,70.05,88,40,23.51
427,Lang Son,VN,2021-11-05 21:23:18,21.8333,106.7333,69.73,97,50,3.4
428,Demba,CD,2021-11-05 21:23:18,-5.51,22.2667,69.3,89,32,2.21
429,Rio Bananal,BR,2021-11-05 21:23:19,-19.265,-40.3333,72.82,86,84,7.96
430,Chake Chake,TZ,2021-11-05 21:23:19,-5.2459,39.7666,76.26,85,4,6.8
431,Sakaraha,MG,2021-11-05 21:23:19,-22.9,44.5333,67.89,50,0,4.12
432,Saint Anthony,US,2021-11-05 21:23:20,45.0205,-93.218,61.12,54,1,8.99
433,Yatou,CN,2021-11-05 21:23:20,37.15,122.3833,57.56,71,98,6.49
434,Pingdu,CN,2021-11-05 21:23:20,36.7844,119.9464,56.64,80,100,8.08
435,Mvuma,ZW,2021-11-05 21:23:21,-19.2792,30.5283,71.58,31,71,5.37
436,Amursk,RU,2021-11-05 21:23:21,50.2261,136.8994,35.71,89,100,8.19
437,Yingcheng,CN,2021-11-05 21:23:22,30.95,113.55,64.45,85,76,8.52
438,Gurupi,BR,2021-11-05 21:23:22,-11.7292,-49.0686,75.56,86,100,4.7
439,Palmer,US,2021-11-05 21:20:33,42.1584,-72.3287,49.64,42,20,1.01
440,Goderich,CA,2021-11-05 21:23:22,43.7501,-81.7165,49.91,57,22,11.5
441,Belogorsk,RU,2021-11-05 21:23:23,50.9158,128.4611,24.37,55,100,12.03
442,Aksarka,RU,2021-11-05 21:23:23,66.5606,67.7975,21.16,98,100,6.58
443,Morondava,MG,2021-11-05 21:23:23,-20.2833,44.2833,75.76,71,0,14.83
444,Lazaro Cardenas,MX,2021-11-05 21:19:35,17.9583,-102.2,83.17,70,81,9.44
445,Along,IN,2021-11-05 21:23:24,28.1667,94.7667,55.08,74,43,1.81
446,Vila Franca Do Campo,PT,2021-11-05 21:23:24,37.7167,-25.4333,71.2,86,100,18.28
447,Howard,US,2021-11-05 21:23:24,39.2504,-76.933,52.72,44,7,6.46
448,Atmakur,IN,2021-11-05 21:23:25,15.8833,78.5833,70.38,93,99,5.19
449,Nyurba,RU,2021-11-05 21:23:25,63.2842,118.3319,12.69,92,100,13.0
450,Bandar-E Anzali,IR,2021-11-05 21:23:25,37.4727,49.4622,56.91,79,100,2.33
451,Dillon,US,2021-11-05 21:23:26,34.4166,-79.3712,53.58,34,100,12.06
452,Zemio,CF,2021-11-05 21:23:26,5.0314,25.1361,71.71,84,28,2.57
453,Virginia Beach,US,2021-11-05 21:21:54,36.8529,-75.978,53.02,54,75,1.01
454,Moranbah,AU,2021-11-05 21:23:26,-22.0016,148.0466,73.8,68,2,13.85
455,Reitz,ZA,2021-11-05 21:23:27,-27.8014,28.4273,57.6,84,60,2.82
456,Tessalit,ML,2021-11-05 21:23:27,20.1986,1.0114,85.87,13,0,6.53
457,Nassau,US,2021-11-05 21:21:58,40.7507,-73.5829,53.91,48,1,1.01
458,Dongsheng,CN,2021-11-05 21:23:28,39.8161,109.9776,24.58,89,100,27.56
459,Qasigiannguit,GL,2021-11-05 21:23:28,68.8193,-51.1922,25.05,72,12,7.18
460,Illela,NG,2021-11-05 21:23:28,13.7292,5.2975,86.9,16,100,9.71
461,Pasighat,IN,2021-11-05 21:23:29,28.0667,95.3333,61.47,66,40,2.98
462,Atar,MR,2021-11-05 21:23:29,20.5169,-13.0499,82.06,22,7,8.12
463,Raudeberg,NO,2021-11-05 21:23:29,61.9875,5.1352,46.2,83,82,4.0
464,Yantai,CN,2021-11-05 21:23:30,37.5333,121.4,57.0,73,100,5.12
465,Solano,US,2021-11-05 21:24:30,38.2333,-121.9511,68.25,56,1,12.66
466,Gamba,GA,2021-11-05 21:24:30,-2.65,10.0,77.27,86,100,4.88
467,Londoko,RU,2021-11-05 21:24:31,49.0333,131.9833,35.15,91,68,0.83
468,Bambous Virieux,MU,2021-11-05 21:24:31,-20.3428,57.7575,75.45,88,40,6.91
469,Sholapur,IN,2021-11-05 21:24:32,17.6833,75.9167,73.81,68,51,10.69
470,Sept-Iles,CA,2021-11-05 21:22:02,50.2001,-66.3821,37.06,56,75,5.01
471,Villa Rica,US,2021-11-05 21:21:37,33.7321,-84.9191,54.43,70,100,7.76
472,Itaueira,BR,2021-11-05 21:24:33,-7.6033,-43.0256,83.97,56,93,3.56
473,Gigmoto,PH,2021-11-05 21:24:33,13.7796,124.39,79.9,86,90,4.29
474,Sarangani,PH,2021-11-05 21:24:33,5.4033,125.4636,84.18,72,51,11.72
475,Manakara,MG,2021-11-05 21:24:34,-22.1333,48.0167,71.62,81,100,7.43
476,Bacolod,PH,2021-11-05 21:24:34,10.6667,122.95,76.98,86,70,3.51
477,Nara,JP,2021-11-05 21:21:20,34.6851,135.8049,54.68,74,3,1.95
478,Mehamn,NO,2021-11-05 21:24:35,71.0357,27.8492,35.78,93,0,2.3
479,Derzhavinsk,KZ,2021-11-05 21:24:35,51.1,66.3167,25.99,29,99,13.98
480,Bundaberg,AU,2021-11-05 21:24:35,-24.85,152.35,77.22,67,75,1.01
481,Konevo,RU,2021-11-05 21:24:36,62.1215,39.3192,45.73,91,99,11.88
482,Nemuro,JP,2021-11-05 21:24:36,43.3236,145.575,46.58,69,15,8.32
483,Razole,IN,2021-11-05 21:24:36,16.4833,81.8333,73.65,93,100,4.41
484,Tongliao,CN,2021-11-05 21:24:37,43.6125,122.2653,32.61,41,14,17.98
485,Kalmunai,LK,2021-11-05 21:24:37,7.4167,81.8167,78.96,81,96,0.6
486,Calbuco,CL,2021-11-05 21:24:37,-41.768,-73.1273,60.01,73,0,16.49
487,Udachnyy,RU,2021-11-05 21:24:38,66.4167,112.4,2.46,91,8,11.52
488,Farmington,US,2021-11-05 21:24:38,36.7281,-108.2187,71.85,23,1,12.66
489,Port Hardy,CA,2021-11-05 21:24:38,50.6996,-127.4199,44.6,87,90,8.05
490,Wellington,NZ,2021-11-05 21:24:39,-41.2866,174.7756,55.65,94,75,5.01
491,Costa Rica,BR,2021-11-05 21:24:39,-23.4167,-54.65,78.84,77,48,4.27
492,Tranas,SE,2021-11-05 21:24:39,58.0372,14.9782,41.99,87,56,9.75
493,Las Palmas,ES,2021-11-05 21:24:40,28.4204,-14.0131,65.19,60,40,21.85
494,Lethem,GY,2021-11-05 21:24:40,3.3803,-59.7968,88.84,48,85,10.16
495,Tabuny,RU,2021-11-05 21:24:40,52.7773,78.7896,19.09,78,99,14.16
496,Gondanglegi,ID,2021-11-05 21:24:41,-7.7479,112.0132,75.88,86,100,3.49
497,Presidente Epitacio,BR,2021-11-05 21:24:41,-21.7633,-52.1156,89.15,44,99,5.93
498,Sandnessjoen,NO,2021-11-05 21:24:41,66.0217,12.6316,39.18,87,75,9.22
499,Mogadishu,SO,2021-11-05 21:24:42,2.0371,45.3438,78.51,82,7,9.73
500,Stratford,US,2021-11-05 21:24:42,41.1845,-73.1332,53.33,47,4,1.01
501,Lufilufi,WS,2021-11-05 21:24:43,-13.8745,-171.5986,83.98,80,99,17.36
502,Jacqueville,CI,2021-11-05 21:24:43,5.2052,-4.4146,82.31,83,19,9.64
503,Kloulklubed,PW,2021-11-05 21:24:43,7.0419,134.2556,79.3,73,16,9.8
504,Sardinia,GR,2021-11-05 21:24:44,38.8833,21.2,63.52,59,100,4.29
505,Payakumbuh,ID,2021-11-05 21:24:44,-0.2202,100.6308,68.9,95,100,3.42
506,Port Keats,AU,2021-11-05 21:24:44,-14.25,129.55,82.35,76,77,0.96
507,Broome,US,2021-11-05 21:24:45,42.2506,-75.833,46.65,59,20,1.99
508,Ketchikan,US,2021-11-05 21:22:38,55.3422,-131.6461,48.67,66,90,20.71
509,Sergiyevsk,RU,2021-11-05 21:24:45,53.9413,51.165,35.15,51,100,15.1
510,Hervey Bay,AU,2021-11-05 21:25:46,-25.2986,152.8535,77.04,74,56,8.97
511,Suez,EG,2021-11-05 21:25:46,29.9737,32.5263,68.68,88,0,10.45
512,Kodino,RU,2021-11-05 21:25:46,63.7198,39.6447,45.16,88,100,10.94
513,Lenart,SI,2021-11-05 21:25:47,46.5761,15.8313,45.48,81,0,4.61
514,Mgandu,TZ,2021-11-05 21:25:47,-5.95,34.1333,70.39,35,74,8.93
515,Hauterive,FR,2021-11-05 21:25:47,46.0901,3.4459,46.18,93,86,3.22
516,Gold Coast,AU,2021-11-05 21:25:06,-28.0,153.4333,69.78,91,90,4.61
517,Richards Bay,ZA,2021-11-05 21:25:48,-28.783,32.0377,73.63,82,100,3.58
518,Tiksi,RU,2021-11-05 21:25:48,71.6872,128.8694,4.95,78,100,26.4
519,Los Llanos De Aridane,ES,2021-11-05 21:25:48,28.6585,-17.9182,64.13,77,40,5.99
520,College,US,2021-11-05 21:25:49,64.8569,-147.8028,27.9,79,75,0.0
521,Honiara,SB,2021-11-05 21:25:49,-9.4333,159.95,82.62,72,47,1.59
522,Cuamba,MZ,2021-11-05 21:25:49,-14.8031,36.5372,79.81,31,7,3.58
523,Lubango,AO,2021-11-05 21:25:50,-14.9172,13.4925,68.97,55,88,3.06
524,Nakamura,JP,2021-11-05 21:25:50,32.9833,132.9333,53.29,78,98,2.13
525,Mizdah,LY,2021-11-05 21:25:50,31.4451,12.9801,78.01,16,100,10.87
526,Qesarya,IL,2021-11-05 21:25:51,32.5189,34.9046,71.24,54,0,10.76
527,Huarmey,PE,2021-11-05 21:25:51,-10.0681,-78.1522,69.8,73,13,10.02
528,Presidencia Roque Saenz Pena,AR,2021-11-05 21:25:51,-26.7852,-60.4388,54.18,94,100,14.12
529,Marrakesh,MA,2021-11-05 21:22:19,31.6315,-8.0083,59.07,41,0,9.22
530,Saint-Ambroise,CA,2021-11-05 21:25:52,48.5501,-71.3324,41.49,64,35,4.97
531,Whitianga,NZ,2021-11-05 21:21:20,-36.8333,175.7,62.49,82,59,10.11
532,Saldanha,ZA,2021-11-05 21:25:52,-33.0117,17.9442,55.45,73,2,11.59
533,Trairi,BR,2021-11-05 21:20:57,-3.2778,-39.2689,80.96,79,99,10.69
534,Waddan,LY,2021-11-05 21:25:53,29.1614,16.139,76.01,25,7,10.07
535,Skjervoy,NO,2021-11-05 21:25:53,70.0311,20.9714,39.78,77,100,3.69
536,Walvis Bay,NA,2021-11-05 21:25:53,-22.9575,14.5053,61.93,73,7,14.34
537,Dalbandin,PK,2021-11-05 21:24:08,28.8947,64.4101,60.57,35,0,9.53
538,Tuatapere,NZ,2021-11-05 21:25:54,-46.1333,167.6833,55.81,55,99,3.27
539,Marsh Harbour,BS,2021-11-05 21:25:54,26.5412,-77.0636,77.77,80,100,9.53
540,Dingle,PH,2021-11-05 21:25:54,10.9995,122.6711,75.47,92,96,4.63
541,Bratsk,RU,2021-11-05 21:25:55,56.1325,101.6142,18.09,63,100,14.7
542,Lilburn,US,2021-11-05 21:21:26,33.8901,-84.143,54.32,64,1,3.44
543,Huntsville,US,2021-11-05 21:24:12,34.7304,-86.5861,56.95,75,90,5.99
544,Lushnje,AL,2021-11-05 21:25:55,40.9419,19.705,64.58,69,86,11.12
545,Beyneu,KZ,2021-11-05 21:25:56,45.3167,55.2,32.9,58,3,10.36
546,Sain Alto,MX,2021-11-05 21:25:56,23.5833,-103.25,69.22,33,2,6.73
547,Surgut,RU,2021-11-05 21:25:56,61.25,73.4167,32.18,100,75,11.18
548,Khandbari,NP,2021-11-05 21:25:57,27.3747,87.2039,55.81,73,98,2.8
549,Upata,VE,2021-11-05 21:25:57,8.0086,-62.3989,80.13,67,100,6.26
550,Novobirilyussy,RU,2021-11-05 21:25:57,56.9514,90.6661,20.75,92,100,14.09
551,Mokhsogollokh,RU,2021-11-05 21:25:58,61.4681,128.9203,5.41,87,100,8.39
552,Padang,ID,2021-11-05 21:25:58,-0.9492,100.3543,75.25,87,100,4.25
553,Quatre Cocos,MU,2021-11-05 21:25:58,-20.2078,57.7625,75.31,87,28,12.88
554,Teguldet,RU,2021-11-05 21:25:59,57.3064,88.1667,23.22,89,100,15.55
555,Mongoumba,CF,2021-11-05 21:25:59,3.6415,18.5936,74.77,86,52,3.04
556,Ndele,CF,2021-11-05 21:27:00,8.4109,20.6473,75.34,72,46,2.73
557,Hoquiam,US,2021-11-05 21:27:00,46.9809,-123.8893,55.92,69,90,8.05
558,Shubarkuduk,KZ,2021-11-05 21:27:00,49.1447,56.4872,27.68,19,87,7.27
559,Acapulco,MX,2021-11-05 21:25:44,16.8634,-99.8901,83.43,69,100,5.23
560,Muli,MV,2021-11-05 21:27:01,2.9167,73.5667,82.33,76,100,17.0
561,Champerico,GT,2021-11-05 21:27:01,14.3,-91.9167,90.14,73,100,5.57
562,Jamshedpur,IN,2021-11-05 21:27:02,22.8,86.1833,64.35,60,61,2.82
563,Dergachi,RU,2021-11-05 21:27:02,51.2328,48.7659,36.57,41,97,14.45
564,Whitehorse,CA,2021-11-05 21:27:02,60.7161,-135.0538,35.02,80,75,10.0
565,Inegol,TR,2021-11-05 21:27:03,40.0781,29.5133,49.28,47,14,3.65
566,Nanortalik,GL,2021-11-05 21:27:03,60.1432,-45.2371,33.17,79,99,6.62
567,Alta,NO,2021-11-05 21:27:04,69.9689,23.2717,33.06,85,75,2.3
568,Teguise,ES,2021-11-05 21:27:04,29.0605,-13.564,64.62,60,75,12.66
569,Tieli,CN,2021-11-05 21:27:05,46.95,128.05,37.17,79,100,12.86
570,Ballina,AU,2021-11-05 21:27:05,-28.8667,153.5667,63.79,95,90,4.61
571,Erenhot,CN,2021-11-05 21:27:05,43.6475,111.9767,14.72,92,100,14.9
572,Meulaboh,ID,2021-11-05 21:27:06,4.1363,96.1285,75.18,93,100,5.08
573,Saint-Joseph,RE,2021-11-05 21:27:06,-21.3667,55.6167,70.47,75,0,5.21
574,Seidu,SL,2021-11-05 21:27:06,9.0167,-10.6,70.92,90,100,1.12
575,Tual,ID,2021-11-05 21:27:07,-5.6667,132.75,83.14,74,89,1.86
576,Lodja,CD,2021-11-05 21:27:07,-3.4833,23.4333,70.72,87,93,2.48
577,Esna,EG,2021-11-05 21:27:07,25.2934,32.554,77.04,38,0,7.85
578,Hovd,MN,2021-11-05 21:27:08,48.0056,91.6419,11.59,31,8,1.88
579,Soyo,AO,2021-11-05 21:27:08,-6.1349,12.3689,78.21,84,87,8.3
580,West Plains,US,2021-11-05 21:27:09,36.7281,-91.8524,56.61,38,1,1.01
581,Santa Cruz De Tenerife,ES,2021-11-05 21:27:09,28.4682,-16.2546,71.22,79,75,5.01
582,Amga,RU,2021-11-05 21:27:09,60.8953,131.9608,4.93,91,100,7.09
